hr,red,datetime
13757,5892,2023-11-01 14:28:05.433948
13755,5892,2023-11-01 14:28:05.453229
13754,5892,2023-11-01 14:28:05.473767
13752,5892,2023-11-01 14:28:05.684652
13746,5891,2023-11-01 14:28:05.754843
13740,5890,2023-11-01 14:28:05.815055
13733,5890,2023-11-01 14:28:05.875214
13727,5890,2023-11-01 14:28:05.935783
13721,5891,2023-11-01 14:28:06.006042
13716,5893,2023-11-01 14:28:06.069897
13711,5894,2023-11-01 14:28:06.146895
13706,5897,2023-11-01 14:28:06.227163
13803,5942,2023-11-01 14:28:06.316609
13810,5941,2023-11-01 14:28:06.387677
13822,5942,2023-11-01 14:28:06.458083
13837,5943,2023-11-01 14:28:06.538447
13851,5944,2023-11-01 14:28:06.609562
13860,5945,2023-11-01 14:28:06.679313
13860,5945,2023-11-01 14:28:06.749436
13856,5944,2023-11-01 14:28:06.819711
13847,5942,2023-11-01 14:28:06.890259
13839,5942,2023-11-01 14:28:06.960606
13836,5943,2023-11-01 14:28:07.040738
13834,5943,2023-11-01 14:28:07.120647
hr,red,datetime
13587,5925,2023-11-01 14:28:49.206280
13587,5925,2023-11-01 14:28:49.276518
13588,5925,2023-11-01 14:28:49.347025
13588,5925,2023-11-01 14:28:49.408069
13588,5925,2023-11-01 14:28:49.477545
13587,5925,2023-11-01 14:28:49.557755
13586,5924,2023-11-01 14:28:49.629323
13586,5924,2023-11-01 14:28:49.708613
13585,5924,2023-11-01 14:28:49.778831
13585,5924,2023-11-01 14:28:49.859453
13585,5924,2023-11-01 14:28:49.939870
13578,5922,2023-11-01 14:28:50.019920
13577,5922,2023-11-01 14:28:50.100112
13577,5922,2023-11-01 14:28:50.180655
13577,5922,2023-11-01 14:28:50.250815
13577,5922,2023-11-01 14:28:50.321171
13577,5922,2023-11-01 14:28:50.391734
13577,5922,2023-11-01 14:28:50.472023
13576,5922,2023-11-01 14:28:50.542591
13577,5922,2023-11-01 14:28:50.632827
13578,5922,2023-11-01 14:28:50.703097
13578,5922,2023-11-01 14:28:50.783315
13574,5921,2023-11-01 14:28:50.864563
13575,5921,2023-11-01 14:28:50.944030
13576,5922,2023-11-01 14:28:51.024306
13576,5922,2023-11-01 14:28:51.104573
13576,5922,2023-11-01 14:28:51.174928
13577,5922,2023-11-01 14:28:51.245408
13578,5922,2023-11-01 14:28:51.335625
13580,5922,2023-11-01 14:28:51.425862
13580,5922,2023-11-01 14:28:51.516343
13580,5922,2023-11-01 14:28:51.596727
13579,5922,2023-11-01 14:28:51.677601
13557,5921,2023-11-01 14:28:51.757443
13558,5921,2023-11-01 14:28:51.847598
13559,5921,2023-11-01 14:28:51.937615
13562,5921,2023-11-01 14:28:52.028363
13565,5922,2023-11-01 14:28:52.118439
13569,5923,2023-11-01 14:28:52.208604
13572,5923,2023-11-01 14:28:52.302171
13574,5923,2023-11-01 14:28:52.390068
13576,5924,2023-11-01 14:28:52.490324
13607,5929,2023-11-01 14:28:52.579835
13609,5929,2023-11-01 14:28:52.670384
13609,5929,2023-11-01 14:28:52.770707
13611,5929,2023-11-01 14:28:52.870872
13612,5929,2023-11-01 14:28:52.961451
13613,5929,2023-11-01 14:28:53.061754
13612,5929,2023-11-01 14:28:53.161986
13610,5929,2023-11-01 14:28:53.252134
13606,5930,2023-11-01 14:28:53.354414
13608,5931,2023-11-01 14:28:53.453101
13612,5932,2023-11-01 14:28:53.553222
13615,5933,2023-11-01 14:28:53.643784
13617,5933,2023-11-01 14:28:53.744093
13617,5933,2023-11-01 14:28:53.844281
13616,5933,2023-11-01 14:28:53.944440
13614,5933,2023-11-01 14:28:54.055549
13621,5938,2023-11-01 14:28:54.165492
13623,5938,2023-11-01 14:28:54.265584
13626,5939,2023-11-01 14:28:54.366127
13628,5940,2023-11-01 14:28:54.486469
13632,5940,2023-11-01 14:28:54.596662
13636,5942,2023-11-01 14:28:54.697227
13641,5942,2023-11-01 14:28:54.797558
13642,5943,2023-11-01 14:28:54.907779
13612,5935,2023-11-01 14:28:55.017850
13611,5934,2023-11-01 14:28:55.128439
13610,5934,2023-11-01 14:28:55.238775
13610,5934,2023-11-01 14:28:55.338921
13609,5933,2023-11-01 14:28:55.449551
13607,5933,2023-11-01 14:28:55.560194
13604,5932,2023-11-01 14:28:55.659997
13579,5926,2023-11-01 14:28:55.771181
13580,5926,2023-11-01 14:28:55.881004
13581,5926,2023-11-01 14:28:55.990886
13582,5926,2023-11-01 14:28:56.090973
13583,5927,2023-11-01 14:28:56.191610
13584,5927,2023-11-01 14:28:56.302152
13585,5927,2023-11-01 14:28:56.402609
13602,5933,2023-11-01 14:28:56.527180
13603,5933,2023-11-01 14:28:56.643147
13604,5933,2023-11-01 14:28:56.763368
13606,5934,2023-11-01 14:28:56.918649
13608,5934,2023-11-01 14:28:56.978810
13609,5935,2023-11-01 14:28:57.038664
13611,5935,2023-11-01 14:28:57.098773
13613,5936,2023-11-01 14:28:57.169434
13613,5936,2023-11-01 14:28:57.229856
13613,5936,2023-11-01 14:28:57.289868
13641,5943,2023-11-01 14:28:57.370692
13642,5943,2023-11-01 14:28:57.440781
13643,5943,2023-11-01 14:28:57.500919
13644,5944,2023-11-01 14:28:57.561630
13645,5944,2023-11-01 14:28:57.622072
13646,5945,2023-11-01 14:28:57.701991
13648,5945,2023-11-01 14:28:57.772218
13649,5945,2023-11-01 14:28:57.842731
13651,5945,2023-11-01 14:28:57.913020
13651,5946,2023-11-01 14:28:57.993259
13650,5946,2023-11-01 14:28:58.073895
13650,5946,2023-11-01 14:28:58.154122
13649,5945,2023-11-01 14:28:58.224924
13680,5951,2023-11-01 14:28:58.294491
13681,5950,2023-11-01 14:28:58.365076
13682,5951,2023-11-01 14:28:58.436232
13683,5951,2023-11-01 14:28:58.505551
13684,5951,2023-11-01 14:28:58.576115
13684,5951,2023-11-01 14:28:58.646172
13684,5951,2023-11-01 14:28:58.716635
13685,5951,2023-11-01 14:28:58.787240
13686,5951,2023-11-01 14:28:58.857358
13747,5964,2023-11-01 14:29:00.128968
13748,5965,2023-11-01 14:29:00.197876
13749,5965,2023-11-01 14:29:00.268421
13750,5965,2023-11-01 14:29:00.338803
13751,5965,2023-11-01 14:29:00.419028
13772,5970,2023-11-01 14:29:00.499509
13773,5970,2023-11-01 14:29:00.569789
13774,5970,2023-11-01 14:29:00.639996
13774,5970,2023-11-01 14:29:00.720608
13775,5971,2023-11-01 14:29:00.800738
13776,5971,2023-11-01 14:29:00.881104
13777,5971,2023-11-01 14:29:00.961260
13777,5971,2023-11-01 14:29:01.041819
13777,5971,2023-11-01 14:29:01.122177
13777,5971,2023-11-01 14:29:01.202868
13777,5971,2023-11-01 14:29:01.272912
13796,5975,2023-11-01 14:29:01.346617
13797,5975,2023-11-01 14:29:01.433452
13796,5975,2023-11-01 14:29:01.504605
13796,5975,2023-11-01 14:29:01.594187
13797,5975,2023-11-01 14:29:01.674483
13797,5975,2023-11-01 14:29:01.754661
13798,5975,2023-11-01 14:29:01.835247
13798,5976,2023-11-01 14:29:01.925578
13798,5975,2023-11-01 14:29:02.005734
13799,5976,2023-11-01 14:29:02.096309
13812,5979,2023-11-01 14:29:02.190279
13812,5979,2023-11-01 14:29:02.276779
13813,5979,2023-11-01 14:29:02.356919
13813,5979,2023-11-01 14:29:02.447439
13813,5978,2023-11-01 14:29:02.537619
13814,5979,2023-11-01 14:29:02.637659
13814,5979,2023-11-01 14:29:02.728640
13814,5979,2023-11-01 14:29:02.818547
13814,5979,2023-11-01 14:29:02.908650
13820,5979,2023-11-01 14:29:03.013036
13820,5979,2023-11-01 14:29:03.099497
13820,5979,2023-11-01 14:29:03.189722
13820,5979,2023-11-01 14:29:03.279904
13821,5979,2023-11-01 14:29:03.370457
13821,5979,2023-11-01 14:29:03.460900
13821,5979,2023-11-01 14:29:03.551712
13821,5979,2023-11-01 14:29:03.641555
13821,5980,2023-11-01 14:29:03.731831
13823,5979,2023-11-01 14:29:03.839830
13823,5979,2023-11-01 14:29:03.942667
13823,5979,2023-11-01 14:29:04.032940
13823,5979,2023-11-01 14:29:04.123151
13822,5978,2023-11-01 14:29:04.213314
13823,5978,2023-11-01 14:29:04.303854
13823,5978,2023-11-01 14:29:04.394323
13823,5978,2023-11-01 14:29:04.504367
13823,5978,2023-11-01 14:29:04.614951
13820,5976,2023-11-01 14:29:04.725202
13820,5976,2023-11-01 14:29:04.835472
13820,5976,2023-11-01 14:29:04.935606
13820,5976,2023-11-01 14:29:05.036191
13820,5976,2023-11-01 14:29:05.146516
13820,5976,2023-11-01 14:29:05.246806
13820,5975,2023-11-01 14:29:05.357259
13813,5972,2023-11-01 14:29:05.467571
13813,5972,2023-11-01 14:29:05.567752
13813,5971,2023-11-01 14:29:05.668314
13812,5971,2023-11-01 14:29:05.779064
13811,5971,2023-11-01 14:29:05.888889
13810,5971,2023-11-01 14:29:05.998989
13810,5971,2023-11-01 14:29:06.119904
13805,5969,2023-11-01 14:29:06.226350
13804,5969,2023-11-01 14:29:06.329849
13804,5969,2023-11-01 14:29:06.440604
13804,5969,2023-11-01 14:29:06.540889
13803,5969,2023-11-01 14:29:06.651113
13803,5968,2023-11-01 14:29:06.751695
13803,5968,2023-11-01 14:29:06.851984
13803,5968,2023-11-01 14:29:06.952205
13797,5967,2023-11-01 14:29:07.066045
13797,5967,2023-11-01 14:29:07.182943
13797,5967,2023-11-01 14:29:07.293286
13797,5967,2023-11-01 14:29:07.403923
13797,5967,2023-11-01 14:29:07.558472
13796,5967,2023-11-01 14:29:07.618521
13796,5967,2023-11-01 14:29:07.678696
13796,5967,2023-11-01 14:29:07.739312
13796,5967,2023-11-01 14:29:07.809558
13794,5967,2023-11-01 14:29:07.869805
13794,5967,2023-11-01 14:29:07.929927
13794,5967,2023-11-01 14:29:07.990491
13794,5966,2023-11-01 14:29:08.050864
13793,5966,2023-11-01 14:29:08.111021
13793,5966,2023-11-01 14:29:08.191563
13793,5967,2023-11-01 14:29:08.261951
13793,5967,2023-11-01 14:29:08.342059
13792,5966,2023-11-01 14:29:08.412739
13793,5966,2023-11-01 14:29:08.492956
13792,5966,2023-11-01 14:29:08.573900
13793,5966,2023-11-01 14:29:08.643347
13794,5966,2023-11-01 14:29:08.736479
13794,5967,2023-11-01 14:29:08.804202
13794,5966,2023-11-01 14:29:08.874979
13794,5966,2023-11-01 14:29:08.954959
13794,5966,2023-11-01 14:29:09.035248
13794,5966,2023-11-01 14:29:09.105455
13793,5966,2023-11-01 14:29:09.186086
13794,5966,2023-11-01 14:29:09.266212
13794,5966,2023-11-01 14:29:09.336571
13794,5966,2023-11-01 14:29:09.416806
13794,5966,2023-11-01 14:29:09.501269
13800,5968,2023-11-01 14:29:09.600119
13801,5968,2023-11-01 14:29:09.677806
13800,5968,2023-11-01 14:29:09.758367
13799,5967,2023-11-01 14:29:09.828650
13800,5967,2023-11-01 14:29:09.898950
13800,5968,2023-11-01 14:29:09.968885
13812,5971,2023-11-01 14:29:11.248948
13811,5971,2023-11-01 14:29:11.319949
13811,5971,2023-11-01 14:29:11.390081
13810,5971,2023-11-01 14:29:11.460641
13810,5971,2023-11-01 14:29:11.541404
13809,5971,2023-11-01 14:29:11.611120
13809,5971,2023-11-01 14:29:11.701757
13817,5973,2023-11-01 14:29:11.788315
13817,5973,2023-11-01 14:29:11.862081
13817,5973,2023-11-01 14:29:11.972443
13816,5973,2023-11-01 14:29:12.053703
13815,5973,2023-11-01 14:29:12.133305
13815,5973,2023-11-01 14:29:12.203462
13814,5972,2023-11-01 14:29:12.284360
13813,5972,2023-11-01 14:29:12.365291
13813,5973,2023-11-01 14:29:12.434636
13813,5973,2023-11-01 14:29:12.515093
13813,5972,2023-11-01 14:29:12.595539
13817,5974,2023-11-01 14:29:12.675654
13817,5974,2023-11-01 14:29:12.745775
13817,5974,2023-11-01 14:29:12.836398
13816,5973,2023-11-01 14:29:12.916639
13816,5974,2023-11-01 14:29:13.006897
13816,5974,2023-11-01 14:29:13.087559
13816,5974,2023-11-01 14:29:13.178116
13816,5974,2023-11-01 14:29:13.267645
13816,5974,2023-11-01 14:29:13.357660
13816,5974,2023-11-01 14:29:13.448548
13817,5975,2023-11-01 14:29:13.538649
13816,5975,2023-11-01 14:29:13.618727
13816,5975,2023-11-01 14:29:13.719318
13816,5975,2023-11-01 14:29:13.809578
13816,5975,2023-11-01 14:29:13.900423
13817,5975,2023-11-01 14:29:14.010390
13817,5975,2023-11-01 14:29:14.100887
13816,5975,2023-11-01 14:29:14.190886
13811,5974,2023-11-01 14:29:14.299462
13811,5974,2023-11-01 14:29:14.391592
13811,5974,2023-11-01 14:29:14.481963
13810,5974,2023-11-01 14:29:14.572113
13810,5974,2023-11-01 14:29:14.662670
13809,5974,2023-11-01 14:29:14.752961
13809,5974,2023-11-01 14:29:14.843184
13808,5974,2023-11-01 14:29:14.933815
13808,5974,2023-11-01 14:29:15.025102
13796,5971,2023-11-01 14:29:15.134236
13796,5971,2023-11-01 14:29:15.225100
13796,5971,2023-11-01 14:29:15.325564
13795,5971,2023-11-01 14:29:15.425789
13795,5971,2023-11-01 14:29:15.525539
13795,5971,2023-11-01 14:29:15.636765
13795,5971,2023-11-01 14:29:15.746227
13795,5971,2023-11-01 14:29:15.847001
13787,5970,2023-11-01 14:29:15.947621
13787,5970,2023-11-01 14:29:16.057147
13786,5970,2023-11-01 14:29:16.157482
13785,5970,2023-11-01 14:29:16.258020
13784,5970,2023-11-01 14:29:16.360911
13783,5970,2023-11-01 14:29:16.468921
13782,5969,2023-11-01 14:29:16.568659
13781,5969,2023-11-01 14:29:16.669286
13772,5968,2023-11-01 14:29:16.779750
13770,5968,2023-11-01 14:29:16.889967
13769,5968,2023-11-01 14:29:16.990108
13768,5968,2023-11-01 14:29:17.100694
13768,5967,2023-11-01 14:29:17.201035
13767,5967,2023-11-01 14:29:17.311184
13766,5967,2023-11-01 14:29:17.421816
13759,5967,2023-11-01 14:29:17.522014
13758,5967,2023-11-01 14:29:17.622231
13757,5966,2023-11-01 14:29:17.722839
13757,5966,2023-11-01 14:29:17.843093
13757,5966,2023-11-01 14:29:17.963350
13757,5966,2023-11-01 14:29:18.073505
13757,5966,2023-11-01 14:29:18.238512
13753,5967,2023-11-01 14:29:18.299039
13752,5967,2023-11-01 14:29:18.358720
13751,5967,2023-11-01 14:29:18.419383
13751,5967,2023-11-01 14:29:18.479582
13752,5967,2023-11-01 14:29:18.543318
13752,5967,2023-11-01 14:29:18.620443
13751,5967,2023-11-01 14:29:18.690703
13751,5967,2023-11-01 14:29:18.750912
13751,5967,2023-11-01 14:29:18.821075
13750,5967,2023-11-01 14:29:18.881210
13749,5966,2023-11-01 14:29:18.952019
13749,5967,2023-11-01 14:29:19.012700
13749,5967,2023-11-01 14:29:19.082716
13749,5967,2023-11-01 14:29:19.162988
13748,5967,2023-11-01 14:29:19.243202
13748,5966,2023-11-01 14:29:19.313777
13747,5966,2023-11-01 14:29:19.394305
13747,5966,2023-11-01 14:29:19.474297
13747,5966,2023-11-01 14:29:19.544477
13747,5967,2023-11-01 14:29:19.615023
13746,5966,2023-11-01 14:29:19.695322
13746,5966,2023-11-01 14:29:19.765527
13746,5967,2023-11-01 14:29:19.836823
13746,5967,2023-11-01 14:29:19.906343
13746,5967,2023-11-01 14:29:19.986616
13749,5969,2023-11-01 14:29:20.082182
13749,5969,2023-11-01 14:29:20.157332
13749,5969,2023-11-01 14:29:20.238043
13748,5969,2023-11-01 14:29:20.317841
13748,5969,2023-11-01 14:29:20.398819
13748,5969,2023-11-01 14:29:20.478657
13748,5969,2023-11-01 14:29:20.549535
13747,5970,2023-11-01 14:29:20.619500
13747,5969,2023-11-01 14:29:20.703394
13747,5969,2023-11-01 14:29:20.779998
13747,5969,2023-11-01 14:29:20.850154
13752,5971,2023-11-01 14:29:20.945879
13752,5971,2023-11-01 14:29:21.020949
13770,5978,2023-11-01 14:29:22.298926
13771,5978,2023-11-01 14:29:22.361753
13772,5978,2023-11-01 14:29:22.432105
13772,5978,2023-11-01 14:29:22.502529
13771,5978,2023-11-01 14:29:22.582851
13770,5978,2023-11-01 14:29:22.653128
13769,5978,2023-11-01 14:29:22.723352
13768,5978,2023-11-01 14:29:22.803996
13768,5978,2023-11-01 14:29:22.884078
13767,5978,2023-11-01 14:29:22.964482
13766,5977,2023-11-01 14:29:23.034613
13770,5979,2023-11-01 14:29:23.134922
13771,5979,2023-11-01 14:29:23.205432
13770,5979,2023-11-01 14:29:23.285659
13769,5979,2023-11-01 14:29:23.365817
13768,5979,2023-11-01 14:29:23.446439
13767,5979,2023-11-01 14:29:23.536792
13766,5978,2023-11-01 14:29:23.617146
13765,5978,2023-11-01 14:29:23.697443
13765,5978,2023-11-01 14:29:23.797631
13764,5978,2023-11-01 14:29:23.877625
13768,5979,2023-11-01 14:29:23.978891
13767,5979,2023-11-01 14:29:24.069678
13766,5979,2023-11-01 14:29:24.158679
13765,5979,2023-11-01 14:29:24.258739
13764,5979,2023-11-01 14:29:24.349375
13764,5978,2023-11-01 14:29:24.449813
13763,5978,2023-11-01 14:29:24.540141
13762,5978,2023-11-01 14:29:24.630440
13761,5977,2023-11-01 14:29:24.720729
13761,5978,2023-11-01 14:29:24.810946
13760,5977,2023-11-01 14:29:24.901527
13760,5977,2023-11-01 14:29:24.991823
13759,5977,2023-11-01 14:29:25.092080
13759,5977,2023-11-01 14:29:25.192187
13758,5977,2023-11-01 14:29:25.292735
13758,5977,2023-11-01 14:29:25.383101
13758,5977,2023-11-01 14:29:25.473460
13759,5977,2023-11-01 14:29:25.564046
13755,5977,2023-11-01 14:29:25.675051
13755,5977,2023-11-01 14:29:25.775120
13755,5977,2023-11-01 14:29:25.884777
13755,5977,2023-11-01 14:29:25.985303
13754,5977,2023-11-01 14:29:26.086055
13754,5977,2023-11-01 14:29:26.195603
13754,5976,2023-11-01 14:29:26.306127
13745,5975,2023-11-01 14:29:26.416472
13744,5975,2023-11-01 14:29:26.516643
13744,5975,2023-11-01 14:29:26.617211
13744,5975,2023-11-01 14:29:26.727481
13743,5974,2023-11-01 14:29:26.827706
13742,5974,2023-11-01 14:29:26.927843
13742,5975,2023-11-01 14:29:27.038464
13741,5974,2023-11-01 14:29:27.148856
13735,5974,2023-11-01 14:29:27.248955
13735,5974,2023-11-01 14:29:27.359521
13734,5974,2023-11-01 14:29:27.459830
13734,5974,2023-11-01 14:29:27.570030
13733,5973,2023-11-01 14:29:27.670578
13732,5973,2023-11-01 14:29:27.770846
13732,5973,2023-11-01 14:29:27.881072
13729,5973,2023-11-01 14:29:27.994650
13727,5973,2023-11-01 14:29:28.111776
13727,5972,2023-11-01 14:29:28.212156
13727,5972,2023-11-01 14:29:28.322320
13727,5972,2023-11-01 14:29:28.433497
13727,5972,2023-11-01 14:29:28.553036
13727,5972,2023-11-01 14:29:28.673385
13728,5974,2023-11-01 14:29:28.828409
13728,5974,2023-11-01 14:29:28.898501
13727,5974,2023-11-01 14:29:28.958706
13727,5973,2023-11-01 14:29:29.019291
13727,5973,2023-11-01 14:29:29.079555
13727,5973,2023-11-01 14:29:29.139764
13727,5973,2023-11-01 14:29:29.199956
13727,5973,2023-11-01 14:29:29.260879
13727,5973,2023-11-01 14:29:29.330769
13727,5973,2023-11-01 14:29:29.391014
13726,5973,2023-11-01 14:29:29.451561
13726,5974,2023-11-01 14:29:29.511831
13726,5974,2023-11-01 14:29:29.572048
13725,5973,2023-11-01 14:29:29.632235
13724,5973,2023-11-01 14:29:29.713687
13724,5973,2023-11-01 14:29:29.783251
13723,5973,2023-11-01 14:29:29.853365
13722,5973,2023-11-01 14:29:29.923867
13722,5973,2023-11-01 14:29:30.004101
13722,5973,2023-11-01 14:29:30.084294
13721,5973,2023-11-01 14:29:30.154942
13721,5972,2023-11-01 14:29:30.235196
13721,5973,2023-11-01 14:29:30.305409
13721,5973,2023-11-01 14:29:30.387612
13721,5973,2023-11-01 14:29:30.456262
13721,5973,2023-11-01 14:29:30.526520
13718,5972,2023-11-01 14:29:30.606627
13718,5972,2023-11-01 14:29:30.687916
13717,5972,2023-11-01 14:29:30.757480
13717,5972,2023-11-01 14:29:30.837709
13717,5972,2023-11-01 14:29:30.918295
13717,5972,2023-11-01 14:29:30.999702
13717,5972,2023-11-01 14:29:31.078795
13717,5972,2023-11-01 14:29:31.158988
13717,5972,2023-11-01 14:29:31.229538
13717,5972,2023-11-01 14:29:31.309935
13717,5972,2023-11-01 14:29:31.380061
13722,5974,2023-11-01 14:29:31.460613
13722,5974,2023-11-01 14:29:31.540894
13722,5974,2023-11-01 14:29:31.631120
13722,5974,2023-11-01 14:29:31.721069
13722,5974,2023-11-01 14:29:31.812406
13721,5974,2023-11-01 14:29:31.892200
13721,5974,2023-11-01 14:29:31.982610
13722,5974,2023-11-01 14:29:32.072777
13730,5977,2023-11-01 14:29:33.349521
13728,5977,2023-11-01 14:29:33.433519
13728,5977,2023-11-01 14:29:33.517521
13736,5979,2023-11-01 14:29:33.597774
13736,5978,2023-11-01 14:29:33.674355
13734,5979,2023-11-01 14:29:33.755029
13733,5978,2023-11-01 14:29:33.825277
13732,5978,2023-11-01 14:29:33.895603
13730,5977,2023-11-01 14:29:33.975676
13729,5977,2023-11-01 14:29:34.056290
13727,5977,2023-11-01 14:29:34.136592
13727,5976,2023-11-01 14:29:34.216775
13726,5976,2023-11-01 14:29:34.307367
13726,5976,2023-11-01 14:29:34.407718
13730,5978,2023-11-01 14:29:34.497665
13729,5977,2023-11-01 14:29:34.587615
13727,5978,2023-11-01 14:29:34.678912
13725,5977,2023-11-01 14:29:34.758603
13724,5976,2023-11-01 14:29:34.848713
13723,5976,2023-11-01 14:29:34.939298
13722,5976,2023-11-01 14:29:35.029611
13721,5975,2023-11-01 14:29:35.119784
13721,5975,2023-11-01 14:29:35.200528
13726,5977,2023-11-01 14:29:35.301305
13724,5977,2023-11-01 14:29:35.401697
13723,5977,2023-11-01 14:29:35.491039
13721,5976,2023-11-01 14:29:35.591589
13721,5976,2023-11-01 14:29:35.681869
13720,5975,2023-11-01 14:29:35.772108
13720,5976,2023-11-01 14:29:35.932682
13720,5976,2023-11-01 14:29:36.033012
13716,5975,2023-11-01 14:29:36.133162
13715,5975,2023-11-01 14:29:36.223839
13714,5975,2023-11-01 14:29:36.313939
13714,5975,2023-11-01 14:29:36.414329
13714,5975,2023-11-01 14:29:36.504420
13714,5975,2023-11-01 14:29:36.604984
13714,5975,2023-11-01 14:29:36.705240
13714,5975,2023-11-01 14:29:36.805516
13705,5973,2023-11-01 14:29:36.916051
13704,5972,2023-11-01 14:29:37.026335
13704,5973,2023-11-01 14:29:37.137090
13704,5973,2023-11-01 14:29:37.247568
13704,5973,2023-11-01 14:29:37.357091
13703,5973,2023-11-01 14:29:37.457585
13703,5973,2023-11-01 14:29:37.557743
13703,5975,2023-11-01 14:29:37.673461
13703,5975,2023-11-01 14:29:37.768515
13703,5975,2023-11-01 14:29:37.888829
13701,5974,2023-11-01 14:29:37.999433
13702,5974,2023-11-01 14:29:38.109701
13701,5974,2023-11-01 14:29:38.209948
13701,5975,2023-11-01 14:29:38.320105
13700,5974,2023-11-01 14:29:38.430721
13697,5975,2023-11-01 14:29:38.540992
13697,5975,2023-11-01 14:29:38.641181
13698,5975,2023-11-01 14:29:38.741728
13698,5975,2023-11-01 14:29:38.852011
13699,5975,2023-11-01 14:29:38.962232
13699,5975,2023-11-01 14:29:39.072434
13699,5976,2023-11-01 14:29:39.172966
13696,5976,2023-11-01 14:29:39.283318
13697,5976,2023-11-01 14:29:39.394333
13697,5976,2023-11-01 14:29:39.548431
13697,5976,2023-11-01 14:29:39.612237
13697,5977,2023-11-01 14:29:39.668721
13698,5977,2023-11-01 14:29:39.719312
13698,5977,2023-11-01 14:29:39.779586
13698,5977,2023-11-01 14:29:39.839800
13698,5977,2023-11-01 14:29:39.910334
13699,5976,2023-11-01 14:29:39.970545
13700,5977,2023-11-01 14:29:40.040938
13699,5978,2023-11-01 14:29:40.123604
13700,5978,2023-11-01 14:29:40.201568
13701,5978,2023-11-01 14:29:40.261880
13702,5978,2023-11-01 14:29:40.332110
13702,5979,2023-11-01 14:29:40.402654
13703,5979,2023-11-01 14:29:40.472977
13705,5980,2023-11-01 14:29:40.543200
13705,5980,2023-11-01 14:29:40.624005
13706,5980,2023-11-01 14:29:40.703916
13707,5980,2023-11-01 14:29:40.774727
13706,5980,2023-11-01 14:29:40.854507
13706,5980,2023-11-01 14:29:40.935490
13714,5984,2023-11-01 14:29:41.007814
13715,5984,2023-11-01 14:29:41.085456
13715,5984,2023-11-01 14:29:41.166058
13717,5984,2023-11-01 14:29:41.237003
13718,5985,2023-11-01 14:29:41.306560
13719,5985,2023-11-01 14:29:41.386716
13719,5985,2023-11-01 14:29:41.467331
13718,5985,2023-11-01 14:29:41.537967
13716,5985,2023-11-01 14:29:41.617802
13716,5985,2023-11-01 14:29:41.701983
13715,5985,2023-11-01 14:29:41.788643
13730,5989,2023-11-01 14:29:41.871057
13731,5989,2023-11-01 14:29:41.949996
13733,5990,2023-11-01 14:29:42.030004
13733,5990,2023-11-01 14:29:42.109898
13732,5990,2023-11-01 14:29:42.190104
13730,5990,2023-11-01 14:29:42.270593
13730,5990,2023-11-01 14:29:42.350937
13729,5989,2023-11-01 14:29:42.431236
13728,5990,2023-11-01 14:29:42.521761
13728,5989,2023-11-01 14:29:42.602034
13728,5989,2023-11-01 14:29:42.682067
13739,5992,2023-11-01 14:29:42.773075
13739,5992,2023-11-01 14:29:42.852984
13738,5992,2023-11-01 14:29:42.943323
13737,5992,2023-11-01 14:29:43.033787
13737,5992,2023-11-01 14:29:43.134073
13737,5992,2023-11-01 14:29:43.214298
13737,5991,2023-11-01 14:29:43.304422
13758,5998,2023-11-01 14:29:44.588959
13758,5998,2023-11-01 14:29:44.665425
13758,5998,2023-11-01 14:29:44.745632
13757,5998,2023-11-01 14:29:44.816186
13759,5999,2023-11-01 14:29:44.906336
13759,5999,2023-11-01 14:29:44.986725
13759,5998,2023-11-01 14:29:45.077017
13759,5998,2023-11-01 14:29:45.157524
13759,5998,2023-11-01 14:29:45.247662
13759,5998,2023-11-01 14:29:45.337671
13759,5998,2023-11-01 14:29:45.438816
13759,5999,2023-11-01 14:29:45.518515
13760,5999,2023-11-01 14:29:45.608696
13769,6001,2023-11-01 14:29:45.707058
13769,6001,2023-11-01 14:29:45.799310
13769,6001,2023-11-01 14:29:45.889681
13769,6001,2023-11-01 14:29:45.979858
13769,6001,2023-11-01 14:29:46.070453
13770,6002,2023-11-01 14:29:46.151606
13770,6002,2023-11-01 14:29:46.240927
13771,6001,2023-11-01 14:29:46.331087
13772,6002,2023-11-01 14:29:46.421740
13777,6004,2023-11-01 14:29:46.530061
13778,6004,2023-11-01 14:29:46.622165
13779,6004,2023-11-01 14:29:46.712731
13780,6004,2023-11-01 14:29:46.803007
13780,6004,2023-11-01 14:29:46.893246
13780,6004,2023-11-01 14:29:46.983831
13781,6004,2023-11-01 14:29:47.075060
13782,6005,2023-11-01 14:29:47.164326
13782,6005,2023-11-01 14:29:47.264477
13780,6005,2023-11-01 14:29:47.365051
13780,6004,2023-11-01 14:29:47.475464
13781,6005,2023-11-01 14:29:47.575539
13781,6005,2023-11-01 14:29:47.686697
13781,6005,2023-11-01 14:29:47.787030
13782,6005,2023-11-01 14:29:47.897429
13782,6005,2023-11-01 14:29:48.007094
13783,6005,2023-11-01 14:29:48.108227
13782,6005,2023-11-01 14:29:48.217700
13782,6005,2023-11-01 14:29:48.327848
13783,6005,2023-11-01 14:29:48.438377
13783,6005,2023-11-01 14:29:48.538748
13784,6005,2023-11-01 14:29:48.638925
13785,6006,2023-11-01 14:29:48.749479
13785,6006,2023-11-01 14:29:48.859747
13784,6005,2023-11-01 14:29:48.969970
13784,6005,2023-11-01 14:29:49.070550
